chapter,topic_title,topic_question,topic_model_answer
トレーニングの基礎知識,筋肉の超回復を活かす要素,筋肉の「超回復」を最大限に活かすために必要な要素は？,筋肉の超回復を最大限に活かすには、適切な休息、十分な栄養摂取、特に筋繊維の修復に必要なタンパク質の摂取が重要です。筋肉はトレーニングによって一度破壊され、休息中に修復・強化されるため、睡眠も7〜8時間確保することが推奨されます。過度なトレーニングは逆効果となるため、部位ごとの回復時間（通常48〜72時間）を考慮することが必要です。
トレーニングの基礎知識,RMの意味と使い方,筋トレにおける「RM」とは何か？,RM（Repetition Maximum）は、ある重量を何回持ち上げられるかの最大回数を示す指標です。例えば、10RMはその重量を10回しか持ち上げられないことを意味します。この指標を利用することで、筋肥大や筋力向上のために最適なトレーニング負荷を決定できます。一般的には、1〜6RMは筋力向上、8〜12RMは筋肥大、15RM以上は筋持久力向上に効果的とされています。
トレーニングの基礎知識,筋力トレーニングと筋肥大の違い,筋力トレーニングと筋肥大トレーニングの違いは？,筋力トレーニングは神経系の強化を目的とし、重い負荷（1〜6RM）で少ない回数の運動を行います。一方、筋肥大トレーニングは筋繊維のサイズを大きくすることが目的で、8〜12RMの中程度の負荷で高ボリュームの運動を行います。前者はパフォーマンス向上や日常生活での力強さに、後者は見た目の筋肉の大きさを向上させるのに適しています。
トレーニングの基礎知識,トレーニングフォームの重要性,筋トレにおいてフォームが重要視される理由は？,正しいフォームでトレーニングを行うことで、目標筋肉群に効率的に負荷をかけ、怪我のリスクを減らすことができます。フォームが崩れると補助筋に負荷が分散し、トレーニングの効果が減少するため、特に高重量の運動ではフォームチェックが重要です。
トレーニングの基礎知識,フリーウェイトとマシンの違い,フリーウェイトとマシントレーニングの違いと利点は？,フリーウェイトは自然な動きで多関節を鍛えられる一方で、フォームの習得が難しく怪我のリスクが高いです。マシントレーニングは可動域が固定され安全ですが、特定の筋群しか鍛えられない制限があります。目的に応じて両方を組み合わせると効果的です。
食事・栄養,筋トレ前後の食事,筋トレ前後に適した食事の例を挙げてください。,筋トレ前には消化が早い炭水化物（例えばバナナや白米）を摂取し、エネルギー供給を最大化します。筋トレ後は、筋肉の回復を促進するためにタンパク質（プロテインシェイクや鶏胸肉）と炭水化物を組み合わせた食事が適切です。筋トレ直後30分以内に栄養を摂取することで、筋タンパク質の合成が最適化されると言われています。
食事・栄養,タンパク質摂取のタイミング,タンパク質を摂取するタイミングはいつが最適ですか？,タンパク質の摂取は筋トレ直後30分以内が推奨されます。この時間帯は『アナボリックウィンドウ』と呼ばれ、筋タンパク質合成が最大化されます。また、1日を通して複数回に分けて摂取することも効果的です。
食事・栄養,炭水化物の役割,筋トレにおける炭水化物の役割は？,炭水化物はエネルギー供給の主要な源として機能し、特に高強度のトレーニングでは重要です。運動中のパフォーマンスを向上させ、トレーニング後の回復を促進します。
食事・栄養,サプリメントの選び方,筋トレに効果的なサプリメントの選び方は？,目的に応じて選ぶのが重要です。例えば、筋肥大を目指すならプロテインやクレアチン、回復促進にはBCAAやEAAが適しています。信頼できるブランドを選ぶことも大切です。
食事・栄養,筋トレ中の水分補給,筋トレ中の水分補給の重要性を説明してください。,筋トレ中の水分補給は、脱水を防ぎパフォーマンスを維持するために重要です。筋肉の約75%は水で構成されており、適切な水分補給は筋力発揮や回復にも寄与します。運動中に少量ずつ頻繁に摂取するのが理想的です。
